--------------------------------------------------------
-- Archivo creado  - miércoles-agosto-21-2019   
--------------------------------------------------------
REM INSERTING into SYSTEM.DETALLE
SET DEFINE OFF;
Insert into SYSTEM.DETALLE (ID,CANTIDAD,PRECIO,PRODUCTO,FACTURA,SUCURSAL) values ('3','1','25,45','005','3','MATRIZ');
Insert into SYSTEM.DETALLE (ID,CANTIDAD,PRECIO,PRODUCTO,FACTURA,SUCURSAL) values ('4','2','25,3','007','4','MATRIZ');
Insert into SYSTEM.DETALLE (ID,CANTIDAD,PRECIO,PRODUCTO,FACTURA,SUCURSAL) values ('5','1','27,65','021','5','MATRIZ');
Insert into SYSTEM.DETALLE (ID,CANTIDAD,PRECIO,PRODUCTO,FACTURA,SUCURSAL) values ('6','1','15,95','022','5','MATRIZ');
Insert into SYSTEM.DETALLE (ID,CANTIDAD,PRECIO,PRODUCTO,FACTURA,SUCURSAL) values ('7','2','3,4','010','6','MATRIZ');
Insert into SYSTEM.DETALLE (ID,CANTIDAD,PRECIO,PRODUCTO,FACTURA,SUCURSAL) values ('8','2','15,95','022','7','MATRIZ');
Insert into SYSTEM.DETALLE (ID,CANTIDAD,PRECIO,PRODUCTO,FACTURA,SUCURSAL) values ('9','1','35,74','011','8','SUCURSAL 1');
Insert into SYSTEM.DETALLE (ID,CANTIDAD,PRECIO,PRODUCTO,FACTURA,SUCURSAL) values ('10','2','10','006','9','SUCURSAL 1');
Insert into SYSTEM.DETALLE (ID,CANTIDAD,PRECIO,PRODUCTO,FACTURA,SUCURSAL) values ('11','1','4630965646957184287','002','9','SUCURSAL 1');
Insert into SYSTEM.DETALLE (ID,CANTIDAD,PRECIO,PRODUCTO,FACTURA,SUCURSAL) values ('12','2','15,8','025','10','SUCURSAL 1');
Insert into SYSTEM.DETALLE (ID,CANTIDAD,PRECIO,PRODUCTO,FACTURA,SUCURSAL) values ('13','1','15','008','11','SUCURSAL 2');
Insert into SYSTEM.DETALLE (ID,CANTIDAD,PRECIO,PRODUCTO,FACTURA,SUCURSAL) values ('14','2','18,25','013','12','SUCURSAL 2');
Insert into SYSTEM.DETALLE (ID,CANTIDAD,PRECIO,PRODUCTO,FACTURA,SUCURSAL) values ('15','1','3,75','003','13','SUCURSAL 2');
Insert into SYSTEM.DETALLE (ID,CANTIDAD,PRECIO,PRODUCTO,FACTURA,SUCURSAL) values ('16','2','6,8','015','14','SUCURSAL 2');
Insert into SYSTEM.DETALLE (ID,CANTIDAD,PRECIO,PRODUCTO,FACTURA,SUCURSAL) values ('1','3','2,45','001','1','MATRIZ');
Insert into SYSTEM.DETALLE (ID,CANTIDAD,PRECIO,PRODUCTO,FACTURA,SUCURSAL) values ('2','2','12,34','004','2','MATRIZ');
Insert into SYSTEM.DETALLE (ID,CANTIDAD,PRECIO,PRODUCTO,FACTURA,SUCURSAL) values ('17','2','5,5','029','15','MATRIZ');
Insert into SYSTEM.DETALLE (ID,CANTIDAD,PRECIO,PRODUCTO,FACTURA,SUCURSAL) values ('18','1','10,5','034','15','MATRIZ');
Insert into SYSTEM.DETALLE (ID,CANTIDAD,PRECIO,PRODUCTO,FACTURA,SUCURSAL) values ('19','2','8,1','036','16','MATRIZ');
Insert into SYSTEM.DETALLE (ID,CANTIDAD,PRECIO,PRODUCTO,FACTURA,SUCURSAL) values ('20','1','27,65','021','16','MATRIZ');
Insert into SYSTEM.DETALLE (ID,CANTIDAD,PRECIO,PRODUCTO,FACTURA,SUCURSAL) values ('21','1','15,95','022','16','MATRIZ');
Insert into SYSTEM.DETALLE (ID,CANTIDAD,PRECIO,PRODUCTO,FACTURA,SUCURSAL) values ('22','1','10,15','023','16','MATRIZ');
Insert into SYSTEM.DETALLE (ID,CANTIDAD,PRECIO,PRODUCTO,FACTURA,SUCURSAL) values ('23','2','12,34','004','17','MATRIZ');
Insert into SYSTEM.DETALLE (ID,CANTIDAD,PRECIO,PRODUCTO,FACTURA,SUCURSAL) values ('24','2','8,1','036','17','MATRIZ');
Insert into SYSTEM.DETALLE (ID,CANTIDAD,PRECIO,PRODUCTO,FACTURA,SUCURSAL) values ('25','2','1,3','030','17','MATRIZ');
Insert into SYSTEM.DETALLE (ID,CANTIDAD,PRECIO,PRODUCTO,FACTURA,SUCURSAL) values ('26','1','10,5','034','18','MATRIZ');
Insert into SYSTEM.DETALLE (ID,CANTIDAD,PRECIO,PRODUCTO,FACTURA,SUCURSAL) values ('27','1','1,3','030','18','MATRIZ');
Insert into SYSTEM.DETALLE (ID,CANTIDAD,PRECIO,PRODUCTO,FACTURA,SUCURSAL) values ('28','4','1,3','030','18','MATRIZ');
Insert into SYSTEM.DETALLE (ID,CANTIDAD,PRECIO,PRODUCTO,FACTURA,SUCURSAL) values ('29','2','25,45','005','19','MATRIZ');
Insert into SYSTEM.DETALLE (ID,CANTIDAD,PRECIO,PRODUCTO,FACTURA,SUCURSAL) values ('30','4','2,45','001','19','MATRIZ');
Insert into SYSTEM.DETALLE (ID,CANTIDAD,PRECIO,PRODUCTO,FACTURA,SUCURSAL) values ('31','7','38','017','19','MATRIZ');
Insert into SYSTEM.DETALLE (ID,CANTIDAD,PRECIO,PRODUCTO,FACTURA,SUCURSAL) values ('32','2','5,5','029','20','MATRIZ');
Insert into SYSTEM.DETALLE (ID,CANTIDAD,PRECIO,PRODUCTO,FACTURA,SUCURSAL) values ('33','2','15,95','022','20','MATRIZ');
Insert into SYSTEM.DETALLE (ID,CANTIDAD,PRECIO,PRODUCTO,FACTURA,SUCURSAL) values ('34','2','24','018','20','MATRIZ');
Insert into SYSTEM.DETALLE (ID,CANTIDAD,PRECIO,PRODUCTO,FACTURA,SUCURSAL) values ('35','2','3,4','010','21','MATRIZ');
Insert into SYSTEM.DETALLE (ID,CANTIDAD,PRECIO,PRODUCTO,FACTURA,SUCURSAL) values ('36','2','2,8','27','21','MATRIZ');
Insert into SYSTEM.DETALLE (ID,CANTIDAD,PRECIO,PRODUCTO,FACTURA,SUCURSAL) values ('37','1','8,2','031','21','MATRIZ');
Insert into SYSTEM.DETALLE (ID,CANTIDAD,PRECIO,PRODUCTO,FACTURA,SUCURSAL) values ('38','2','1,3','030','22','MATRIZ');
Insert into SYSTEM.DETALLE (ID,CANTIDAD,PRECIO,PRODUCTO,FACTURA,SUCURSAL) values ('39','1','12,34','004','22','MATRIZ');
Insert into SYSTEM.DETALLE (ID,CANTIDAD,PRECIO,PRODUCTO,FACTURA,SUCURSAL) values ('40','1','24','018','22','MATRIZ');
Insert into SYSTEM.DETALLE (ID,CANTIDAD,PRECIO,PRODUCTO,FACTURA,SUCURSAL) values ('41','1','8,1','036','23','MATRIZ');
Insert into SYSTEM.DETALLE (ID,CANTIDAD,PRECIO,PRODUCTO,FACTURA,SUCURSAL) values ('42','1','4,2','035','23','MATRIZ');
Insert into SYSTEM.DETALLE (ID,CANTIDAD,PRECIO,PRODUCTO,FACTURA,SUCURSAL) values ('43','1','4,2','035','23','MATRIZ');
Insert into SYSTEM.DETALLE (ID,CANTIDAD,PRECIO,PRODUCTO,FACTURA,SUCURSAL) values ('44','1','25,45','005','24','MATRIZ');
Insert into SYSTEM.DETALLE (ID,CANTIDAD,PRECIO,PRODUCTO,FACTURA,SUCURSAL) values ('45','1','15,8','048','25','MATRIZ');
Insert into SYSTEM.DETALLE (ID,CANTIDAD,PRECIO,PRODUCTO,FACTURA,SUCURSAL) values ('46','1','1,3','030','25','MATRIZ');
Insert into SYSTEM.DETALLE (ID,CANTIDAD,PRECIO,PRODUCTO,FACTURA,SUCURSAL) values ('47','1','25,45','005','26','MATRIZ');
Insert into SYSTEM.DETALLE (ID,CANTIDAD,PRECIO,PRODUCTO,FACTURA,SUCURSAL) values ('48','1','50,4','050','27','MATRIZ');
Insert into SYSTEM.DETALLE (ID,CANTIDAD,PRECIO,PRODUCTO,FACTURA,SUCURSAL) values ('49','1','4,2','035','27','MATRIZ');
Insert into SYSTEM.DETALLE (ID,CANTIDAD,PRECIO,PRODUCTO,FACTURA,SUCURSAL) values ('50','1','25,3','007','28','MATRIZ');
Insert into SYSTEM.DETALLE (ID,CANTIDAD,PRECIO,PRODUCTO,FACTURA,SUCURSAL) values ('51','1','8,1','036','28','MATRIZ');
Insert into SYSTEM.DETALLE (ID,CANTIDAD,PRECIO,PRODUCTO,FACTURA,SUCURSAL) values ('52','1','5,5','029','29','MATRIZ');
Insert into SYSTEM.DETALLE (ID,CANTIDAD,PRECIO,PRODUCTO,FACTURA,SUCURSAL) values ('53','1','25,3','007','29','MATRIZ');
Insert into SYSTEM.DETALLE (ID,CANTIDAD,PRECIO,PRODUCTO,FACTURA,SUCURSAL) values ('54','1','1,3','030','30','MATRIZ');
Insert into SYSTEM.DETALLE (ID,CANTIDAD,PRECIO,PRODUCTO,FACTURA,SUCURSAL) values ('55','1','1,5','028','31','MATRIZ');
Insert into SYSTEM.DETALLE (ID,CANTIDAD,PRECIO,PRODUCTO,FACTURA,SUCURSAL) values ('56','1','4,2','035','31','MATRIZ');
Insert into SYSTEM.DETALLE (ID,CANTIDAD,PRECIO,PRODUCTO,FACTURA,SUCURSAL) values ('57','1','1,3','030','32','MATRIZ');
Insert into SYSTEM.DETALLE (ID,CANTIDAD,PRECIO,PRODUCTO,FACTURA,SUCURSAL) values ('58','1','25,45','005','32','MATRIZ');
Insert into SYSTEM.DETALLE (ID,CANTIDAD,PRECIO,PRODUCTO,FACTURA,SUCURSAL) values ('59','1','2,8','27','33','MATRIZ');
Insert into SYSTEM.DETALLE (ID,CANTIDAD,PRECIO,PRODUCTO,FACTURA,SUCURSAL) values ('60','1','4,2','035','33','MATRIZ');
Insert into SYSTEM.DETALLE (ID,CANTIDAD,PRECIO,PRODUCTO,FACTURA,SUCURSAL) values ('61','1','15,8','048','34','MATRIZ');
Insert into SYSTEM.DETALLE (ID,CANTIDAD,PRECIO,PRODUCTO,FACTURA,SUCURSAL) values ('62','1','8,1','036','34','MATRIZ');
Insert into SYSTEM.DETALLE (ID,CANTIDAD,PRECIO,PRODUCTO,FACTURA,SUCURSAL) values ('63','1','38','017','35','MATRIZ');
Insert into SYSTEM.DETALLE (ID,CANTIDAD,PRECIO,PRODUCTO,FACTURA,SUCURSAL) values ('64','1','4632289986722607923','050','35','MATRIZ');
Insert into SYSTEM.DETALLE (ID,CANTIDAD,PRECIO,PRODUCTO,FACTURA,SUCURSAL) values ('65','1','24','018','36','MATRIZ');
Insert into SYSTEM.DETALLE (ID,CANTIDAD,PRECIO,PRODUCTO,FACTURA,SUCURSAL) values ('66','1','4623136420479977390','004','36','MATRIZ');
Insert into SYSTEM.DETALLE (ID,CANTIDAD,PRECIO,PRODUCTO,FACTURA,SUCURSAL) values ('67','1','8,1','036','37','MATRIZ');
Insert into SYSTEM.DETALLE (ID,CANTIDAD,PRECIO,PRODUCTO,FACTURA,SUCURSAL) values ('68','1','4,2','035','38','MATRIZ');
Insert into SYSTEM.DETALLE (ID,CANTIDAD,PRECIO,PRODUCTO,FACTURA,SUCURSAL) values ('69','1','10,5','034','38','MATRIZ');
Insert into SYSTEM.DETALLE (ID,CANTIDAD,PRECIO,PRODUCTO,FACTURA,SUCURSAL) values ('70','1','1,3','030','38','MATRIZ');
Insert into SYSTEM.DETALLE (ID,CANTIDAD,PRECIO,PRODUCTO,FACTURA,SUCURSAL) values ('71','1','8,1','036','38','MATRIZ');
Insert into SYSTEM.DETALLE (ID,CANTIDAD,PRECIO,PRODUCTO,FACTURA,SUCURSAL) values ('72','1','8,2','031','38','MATRIZ');
Insert into SYSTEM.DETALLE (ID,CANTIDAD,PRECIO,PRODUCTO,FACTURA,SUCURSAL) values ('73','1','10,5','034','39','MATRIZ');
Insert into SYSTEM.DETALLE (ID,CANTIDAD,PRECIO,PRODUCTO,FACTURA,SUCURSAL) values ('74','1','10,15','023','40','MATRIZ');
Insert into SYSTEM.DETALLE (ID,CANTIDAD,PRECIO,PRODUCTO,FACTURA,SUCURSAL) values ('75','1','15,8','048','41','MATRIZ');
Insert into SYSTEM.DETALLE (ID,CANTIDAD,PRECIO,PRODUCTO,FACTURA,SUCURSAL) values ('76','2','27,65','021','41','MATRIZ');
Insert into SYSTEM.DETALLE (ID,CANTIDAD,PRECIO,PRODUCTO,FACTURA,SUCURSAL) values ('77','1','7,65','020','42','MATRIZ');
Insert into SYSTEM.DETALLE (ID,CANTIDAD,PRECIO,PRODUCTO,FACTURA,SUCURSAL) values ('78','1','5,2','033','43','MATRIZ');
Insert into SYSTEM.DETALLE (ID,CANTIDAD,PRECIO,PRODUCTO,FACTURA,SUCURSAL) values ('79','1','1,3','030','44','MATRIZ');
Insert into SYSTEM.DETALLE (ID,CANTIDAD,PRECIO,PRODUCTO,FACTURA,SUCURSAL) values ('80','1','1,3','030','45','MATRIZ');
Insert into SYSTEM.DETALLE (ID,CANTIDAD,PRECIO,PRODUCTO,FACTURA,SUCURSAL) values ('81','1','27,65','021','45','MATRIZ');
Insert into SYSTEM.DETALLE (ID,CANTIDAD,PRECIO,PRODUCTO,FACTURA,SUCURSAL) values ('82','1','27,65','021','45','MATRIZ');
Insert into SYSTEM.DETALLE (ID,CANTIDAD,PRECIO,PRODUCTO,FACTURA,SUCURSAL) values ('83','1','1,3','030','46','MATRIZ');
Insert into SYSTEM.DETALLE (ID,CANTIDAD,PRECIO,PRODUCTO,FACTURA,SUCURSAL) values ('84','1','3,4','010','46','MATRIZ');
Insert into SYSTEM.DETALLE (ID,CANTIDAD,PRECIO,PRODUCTO,FACTURA,SUCURSAL) values ('85','1','25,45','005','47','MATRIZ');
Insert into SYSTEM.DETALLE (ID,CANTIDAD,PRECIO,PRODUCTO,FACTURA,SUCURSAL) values ('86','1','15,8','048','47','MATRIZ');
Insert into SYSTEM.DETALLE (ID,CANTIDAD,PRECIO,PRODUCTO,FACTURA,SUCURSAL) values ('87','2','1,3','030','47','MATRIZ');
Insert into SYSTEM.DETALLE (ID,CANTIDAD,PRECIO,PRODUCTO,FACTURA,SUCURSAL) values ('88','1','1,5','028','48','MATRIZ');
Insert into SYSTEM.DETALLE (ID,CANTIDAD,PRECIO,PRODUCTO,FACTURA,SUCURSAL) values ('89','1','12,34','004','48','MATRIZ');
Insert into SYSTEM.DETALLE (ID,CANTIDAD,PRECIO,PRODUCTO,FACTURA,SUCURSAL) values ('90','1','2,1','032','49','MATRIZ');
Insert into SYSTEM.DETALLE (ID,CANTIDAD,PRECIO,PRODUCTO,FACTURA,SUCURSAL) values ('91','1','1,3','030','49','MATRIZ');
Insert into SYSTEM.DETALLE (ID,CANTIDAD,PRECIO,PRODUCTO,FACTURA,SUCURSAL) values ('92','1','8,1','036','50','MATRIZ');
Insert into SYSTEM.DETALLE (ID,CANTIDAD,PRECIO,PRODUCTO,FACTURA,SUCURSAL) values ('93','1','8,2','031','50','MATRIZ');
Insert into SYSTEM.DETALLE (ID,CANTIDAD,PRECIO,PRODUCTO,FACTURA,SUCURSAL) values ('94','1','1,3','030','51','MATRIZ');
Insert into SYSTEM.DETALLE (ID,CANTIDAD,PRECIO,PRODUCTO,FACTURA,SUCURSAL) values ('95','1','2,8','27','51','MATRIZ');
Insert into SYSTEM.DETALLE (ID,CANTIDAD,PRECIO,PRODUCTO,FACTURA,SUCURSAL) values ('96','1','27,65','021','51','MATRIZ');
Insert into SYSTEM.DETALLE (ID,CANTIDAD,PRECIO,PRODUCTO,FACTURA,SUCURSAL) values ('97','1','12,34','004','52','MATRIZ');
Insert into SYSTEM.DETALLE (ID,CANTIDAD,PRECIO,PRODUCTO,FACTURA,SUCURSAL) values ('98','1','8,2','031','52','MATRIZ');
Insert into SYSTEM.DETALLE (ID,CANTIDAD,PRECIO,PRODUCTO,FACTURA,SUCURSAL) values ('99','1','10,15','023','53','MATRIZ');
Insert into SYSTEM.DETALLE (ID,CANTIDAD,PRECIO,PRODUCTO,FACTURA,SUCURSAL) values ('100','1','25,45','005','54','MATRIZ');
Insert into SYSTEM.DETALLE (ID,CANTIDAD,PRECIO,PRODUCTO,FACTURA,SUCURSAL) values ('101','1','10,15','023','55','MATRIZ');
Insert into SYSTEM.DETALLE (ID,CANTIDAD,PRECIO,PRODUCTO,FACTURA,SUCURSAL) values ('102','1','25,45','005','56','MATRIZ');
Insert into SYSTEM.DETALLE (ID,CANTIDAD,PRECIO,PRODUCTO,FACTURA,SUCURSAL) values ('103','1','2,1','032','57','MATRIZ');
Insert into SYSTEM.DETALLE (ID,CANTIDAD,PRECIO,PRODUCTO,FACTURA,SUCURSAL) values ('104','1','15,8','048','57','MATRIZ');
Insert into SYSTEM.DETALLE (ID,CANTIDAD,PRECIO,PRODUCTO,FACTURA,SUCURSAL) values ('105','1','5,2','033','58','MATRIZ');
Insert into SYSTEM.DETALLE (ID,CANTIDAD,PRECIO,PRODUCTO,FACTURA,SUCURSAL) values ('106','1','10,9','049','58','MATRIZ');
Insert into SYSTEM.DETALLE (ID,CANTIDAD,PRECIO,PRODUCTO,FACTURA,SUCURSAL) values ('107','1','15,8','048','58','MATRIZ');
Insert into SYSTEM.DETALLE (ID,CANTIDAD,PRECIO,PRODUCTO,FACTURA,SUCURSAL) values ('108','1','10,5','034','59','MATRIZ');
Insert into SYSTEM.DETALLE (ID,CANTIDAD,PRECIO,PRODUCTO,FACTURA,SUCURSAL) values ('109','2','50,4','050','59','MATRIZ');
Insert into SYSTEM.DETALLE (ID,CANTIDAD,PRECIO,PRODUCTO,FACTURA,SUCURSAL) values ('110','1','15,8','048','60','MATRIZ');
Insert into SYSTEM.DETALLE (ID,CANTIDAD,PRECIO,PRODUCTO,FACTURA,SUCURSAL) values ('111','1','2,1','032','60','MATRIZ');
Insert into SYSTEM.DETALLE (ID,CANTIDAD,PRECIO,PRODUCTO,FACTURA,SUCURSAL) values ('112','1','25,45','005','60','MATRIZ');
Insert into SYSTEM.DETALLE (ID,CANTIDAD,PRECIO,PRODUCTO,FACTURA,SUCURSAL) values ('113','1','5,5','029','60','MATRIZ');
Insert into SYSTEM.DETALLE (ID,CANTIDAD,PRECIO,PRODUCTO,FACTURA,SUCURSAL) values ('114','1','5,5','029','60','MATRIZ');
Insert into SYSTEM.DETALLE (ID,CANTIDAD,PRECIO,PRODUCTO,FACTURA,SUCURSAL) values ('115','1','10,5','034','61','MATRIZ');
Insert into SYSTEM.DETALLE (ID,CANTIDAD,PRECIO,PRODUCTO,FACTURA,SUCURSAL) values ('116','1','12,34','004','62','MATRIZ');
Insert into SYSTEM.DETALLE (ID,CANTIDAD,PRECIO,PRODUCTO,FACTURA,SUCURSAL) values ('117','1','3,4','010','62','MATRIZ');
Insert into SYSTEM.DETALLE (ID,CANTIDAD,PRECIO,PRODUCTO,FACTURA,SUCURSAL) values ('118','1','8,1','036','63','MATRIZ');
Insert into SYSTEM.DETALLE (ID,CANTIDAD,PRECIO,PRODUCTO,FACTURA,SUCURSAL) values ('119','1','15,8','048','64','MATRIZ');
Insert into SYSTEM.DETALLE (ID,CANTIDAD,PRECIO,PRODUCTO,FACTURA,SUCURSAL) values ('120','1','4,2','035','65','MATRIZ');
Insert into SYSTEM.DETALLE (ID,CANTIDAD,PRECIO,PRODUCTO,FACTURA,SUCURSAL) values ('121','1','50,4','050','65','MATRIZ');
Insert into SYSTEM.DETALLE (ID,CANTIDAD,PRECIO,PRODUCTO,FACTURA,SUCURSAL) values ('122','1','8,1','036','66','MATRIZ');
Insert into SYSTEM.DETALLE (ID,CANTIDAD,PRECIO,PRODUCTO,FACTURA,SUCURSAL) values ('123','1','7,65','020','66','MATRIZ');
Insert into SYSTEM.DETALLE (ID,CANTIDAD,PRECIO,PRODUCTO,FACTURA,SUCURSAL) values ('124','1','5,5','029','67','MATRIZ');
Insert into SYSTEM.DETALLE (ID,CANTIDAD,PRECIO,PRODUCTO,FACTURA,SUCURSAL) values ('125','1','1,5','028','67','MATRIZ');
Insert into SYSTEM.DETALLE (ID,CANTIDAD,PRECIO,PRODUCTO,FACTURA,SUCURSAL) values ('126','1','1,3','030','68','MATRIZ');
Insert into SYSTEM.DETALLE (ID,CANTIDAD,PRECIO,PRODUCTO,FACTURA,SUCURSAL) values ('127','1','50,4','050','68','MATRIZ');
Insert into SYSTEM.DETALLE (ID,CANTIDAD,PRECIO,PRODUCTO,FACTURA,SUCURSAL) values ('128','1','27,65','021','69','MATRIZ');
Insert into SYSTEM.DETALLE (ID,CANTIDAD,PRECIO,PRODUCTO,FACTURA,SUCURSAL) values ('129','1','7,65','020','70','MATRIZ');
Insert into SYSTEM.DETALLE (ID,CANTIDAD,PRECIO,PRODUCTO,FACTURA,SUCURSAL) values ('130','1','2,45','001','71','MATRIZ');
Insert into SYSTEM.DETALLE (ID,CANTIDAD,PRECIO,PRODUCTO,FACTURA,SUCURSAL) values ('131','1','10,15','023','71','MATRIZ');
Insert into SYSTEM.DETALLE (ID,CANTIDAD,PRECIO,PRODUCTO,FACTURA,SUCURSAL) values ('132','1','1,3','030','72','MATRIZ');
Insert into SYSTEM.DETALLE (ID,CANTIDAD,PRECIO,PRODUCTO,FACTURA,SUCURSAL) values ('133','2','1,3','030','73','MATRIZ');
Insert into SYSTEM.DETALLE (ID,CANTIDAD,PRECIO,PRODUCTO,FACTURA,SUCURSAL) values ('134','2','1,5','028','74','MATRIZ');
Insert into SYSTEM.DETALLE (ID,CANTIDAD,PRECIO,PRODUCTO,FACTURA,SUCURSAL) values ('135','1','10,9','049','74','MATRIZ');
Insert into SYSTEM.DETALLE (ID,CANTIDAD,PRECIO,PRODUCTO,FACTURA,SUCURSAL) values ('136','1','12,34','004','75','MATRIZ');
Insert into SYSTEM.DETALLE (ID,CANTIDAD,PRECIO,PRODUCTO,FACTURA,SUCURSAL) values ('137','1','1,3','030','75','MATRIZ');
Insert into SYSTEM.DETALLE (ID,CANTIDAD,PRECIO,PRODUCTO,FACTURA,SUCURSAL) values ('138','1','10,9','049','76','MATRIZ');
Insert into SYSTEM.DETALLE (ID,CANTIDAD,PRECIO,PRODUCTO,FACTURA,SUCURSAL) values ('139','1','8,2','031','76','MATRIZ');
Insert into SYSTEM.DETALLE (ID,CANTIDAD,PRECIO,PRODUCTO,FACTURA,SUCURSAL) values ('140','1','10,15','023','77','MATRIZ');
Insert into SYSTEM.DETALLE (ID,CANTIDAD,PRECIO,PRODUCTO,FACTURA,SUCURSAL) values ('141','1','15,95','022','77','MATRIZ');
Insert into SYSTEM.DETALLE (ID,CANTIDAD,PRECIO,PRODUCTO,FACTURA,SUCURSAL) values ('142','1','10,9','049','78','MATRIZ');
Insert into SYSTEM.DETALLE (ID,CANTIDAD,PRECIO,PRODUCTO,FACTURA,SUCURSAL) values ('143','1','25,45','005','78','MATRIZ');
Insert into SYSTEM.DETALLE (ID,CANTIDAD,PRECIO,PRODUCTO,FACTURA,SUCURSAL) values ('144','1','8,2','031','79','MATRIZ');
Insert into SYSTEM.DETALLE (ID,CANTIDAD,PRECIO,PRODUCTO,FACTURA,SUCURSAL) values ('145','1','10,9','049','80','MATRIZ');
Insert into SYSTEM.DETALLE (ID,CANTIDAD,PRECIO,PRODUCTO,FACTURA,SUCURSAL) values ('146','2','2,1','032','80','MATRIZ');
Insert into SYSTEM.DETALLE (ID,CANTIDAD,PRECIO,PRODUCTO,FACTURA,SUCURSAL) values ('147','1','2,8','27','81','MATRIZ');
Insert into SYSTEM.DETALLE (ID,CANTIDAD,PRECIO,PRODUCTO,FACTURA,SUCURSAL) values ('148','1','10,15','023','82','MATRIZ');
Insert into SYSTEM.DETALLE (ID,CANTIDAD,PRECIO,PRODUCTO,FACTURA,SUCURSAL) values ('149','1','15,8','048','83','MATRIZ');
Insert into SYSTEM.DETALLE (ID,CANTIDAD,PRECIO,PRODUCTO,FACTURA,SUCURSAL) values ('150','1','4,2','035','84','MATRIZ');
Insert into SYSTEM.DETALLE (ID,CANTIDAD,PRECIO,PRODUCTO,FACTURA,SUCURSAL) values ('151','1','8,2','031','84','MATRIZ');
Insert into SYSTEM.DETALLE (ID,CANTIDAD,PRECIO,PRODUCTO,FACTURA,SUCURSAL) values ('152','1','50,4','050','85','MATRIZ');
Insert into SYSTEM.DETALLE (ID,CANTIDAD,PRECIO,PRODUCTO,FACTURA,SUCURSAL) values ('153','1','10,5','034','86','MATRIZ');
Insert into SYSTEM.DETALLE (ID,CANTIDAD,PRECIO,PRODUCTO,FACTURA,SUCURSAL) values ('154','1','10,15','023','87','MATRIZ');
Insert into SYSTEM.DETALLE (ID,CANTIDAD,PRECIO,PRODUCTO,FACTURA,SUCURSAL) values ('155','1','7,65','020','88','MATRIZ');
Insert into SYSTEM.DETALLE (ID,CANTIDAD,PRECIO,PRODUCTO,FACTURA,SUCURSAL) values ('156','1','4,2','035','88','MATRIZ');
Insert into SYSTEM.DETALLE (ID,CANTIDAD,PRECIO,PRODUCTO,FACTURA,SUCURSAL) values ('157','1','38','017','88','MATRIZ');
Insert into SYSTEM.DETALLE (ID,CANTIDAD,PRECIO,PRODUCTO,FACTURA,SUCURSAL) values ('158','1','10,15','023','88','MATRIZ');
Insert into SYSTEM.DETALLE (ID,CANTIDAD,PRECIO,PRODUCTO,FACTURA,SUCURSAL) values ('159','1','7,65','020','89','MATRIZ');
Insert into SYSTEM.DETALLE (ID,CANTIDAD,PRECIO,PRODUCTO,FACTURA,SUCURSAL) values ('160','1','10,15','023','90','MATRIZ');
Insert into SYSTEM.DETALLE (ID,CANTIDAD,PRECIO,PRODUCTO,FACTURA,SUCURSAL) values ('161','1','10,5','034','91','MATRIZ');
Insert into SYSTEM.DETALLE (ID,CANTIDAD,PRECIO,PRODUCTO,FACTURA,SUCURSAL) values ('162','1','1,3','030','91','MATRIZ');
Insert into SYSTEM.DETALLE (ID,CANTIDAD,PRECIO,PRODUCTO,FACTURA,SUCURSAL) values ('163','1','7,65','020','92','MATRIZ');
Insert into SYSTEM.DETALLE (ID,CANTIDAD,PRECIO,PRODUCTO,FACTURA,SUCURSAL) values ('164','1','50,4','050','93','MATRIZ');
Insert into SYSTEM.DETALLE (ID,CANTIDAD,PRECIO,PRODUCTO,FACTURA,SUCURSAL) values ('165','1','7,65','020','94','MATRIZ');
Insert into SYSTEM.DETALLE (ID,CANTIDAD,PRECIO,PRODUCTO,FACTURA,SUCURSAL) values ('166','1','2,45','001','94','MATRIZ');
Insert into SYSTEM.DETALLE (ID,CANTIDAD,PRECIO,PRODUCTO,FACTURA,SUCURSAL) values ('167','1','4,2','035','94','MATRIZ');
Insert into SYSTEM.DETALLE (ID,CANTIDAD,PRECIO,PRODUCTO,FACTURA,SUCURSAL) values ('168','1','2,45','001','95','MATRIZ');
Insert into SYSTEM.DETALLE (ID,CANTIDAD,PRECIO,PRODUCTO,FACTURA,SUCURSAL) values ('169','1','1,3','030','95','MATRIZ');
Insert into SYSTEM.DETALLE (ID,CANTIDAD,PRECIO,PRODUCTO,FACTURA,SUCURSAL) values ('170','1','10,9','049','96','MATRIZ');
Insert into SYSTEM.DETALLE (ID,CANTIDAD,PRECIO,PRODUCTO,FACTURA,SUCURSAL) values ('171','1','10,15','023','97','MATRIZ');
Insert into SYSTEM.DETALLE (ID,CANTIDAD,PRECIO,PRODUCTO,FACTURA,SUCURSAL) values ('172','3','25,45','005','97','MATRIZ');
Insert into SYSTEM.DETALLE (ID,CANTIDAD,PRECIO,PRODUCTO,FACTURA,SUCURSAL) values ('173','3','1,3','030','98','MATRIZ');
Insert into SYSTEM.DETALLE (ID,CANTIDAD,PRECIO,PRODUCTO,FACTURA,SUCURSAL) values ('174','2','3,4','010','98','MATRIZ');
Insert into SYSTEM.DETALLE (ID,CANTIDAD,PRECIO,PRODUCTO,FACTURA,SUCURSAL) values ('175','2','1,5','028','98','MATRIZ');
Insert into SYSTEM.DETALLE (ID,CANTIDAD,PRECIO,PRODUCTO,FACTURA,SUCURSAL) values ('176','2','25,3','007','99','MATRIZ');
Insert into SYSTEM.DETALLE (ID,CANTIDAD,PRECIO,PRODUCTO,FACTURA,SUCURSAL) values ('177','1','10,15','023','100','MATRIZ');
Insert into SYSTEM.DETALLE (ID,CANTIDAD,PRECIO,PRODUCTO,FACTURA,SUCURSAL) values ('178','1','10,5','034','100','MATRIZ');
Insert into SYSTEM.DETALLE (ID,CANTIDAD,PRECIO,PRODUCTO,FACTURA,SUCURSAL) values ('179','1','10,9','049','100','MATRIZ');
Insert into SYSTEM.DETALLE (ID,CANTIDAD,PRECIO,PRODUCTO,FACTURA,SUCURSAL) values ('180','2','50,4','050','100','MATRIZ');
Insert into SYSTEM.DETALLE (ID,CANTIDAD,PRECIO,PRODUCTO,FACTURA,SUCURSAL) values ('181','2','8,1','036','101','MATRIZ');
Insert into SYSTEM.DETALLE (ID,CANTIDAD,PRECIO,PRODUCTO,FACTURA,SUCURSAL) values ('182','2','4,2','035','101','MATRIZ');
Insert into SYSTEM.DETALLE (ID,CANTIDAD,PRECIO,PRODUCTO,FACTURA,SUCURSAL) values ('183','2','10,15','023','102','MATRIZ');
Insert into SYSTEM.DETALLE (ID,CANTIDAD,PRECIO,PRODUCTO,FACTURA,SUCURSAL) values ('184','1','1,3','030','103','MATRIZ');
Insert into SYSTEM.DETALLE (ID,CANTIDAD,PRECIO,PRODUCTO,FACTURA,SUCURSAL) values ('185','3','10,15','023','104','MATRIZ');
Insert into SYSTEM.DETALLE (ID,CANTIDAD,PRECIO,PRODUCTO,FACTURA,SUCURSAL) values ('186','2','1,3','030','104','MATRIZ');
REM INSERTING into SYSTEM.PRODUCTO
SET DEFINE OFF;
Insert into SYSTEM.PRODUCTO (ID,NOMBRE,DESCRIPCION,PRECIO,CANTIDAD_STOCK,ESTADO,SUCURSAL,CATEGORIA,U_MEDIDA,PROVEEDOR) values ('001
','TORNILLO','SUJECIÓN DE UN OBJETO','2,45','14','1','MATRIZ','HERRAMIENTA','3','BLACK AND DECKER');
Insert into SYSTEM.PRODUCTO (ID,NOMBRE,DESCRIPCION,PRECIO,CANTIDAD_STOCK,ESTADO,SUCURSAL,CATEGORIA,U_MEDIDA,PROVEEDOR) values ('002
','TALADRO','PERFORAR MATERIALES','40,99','6','1','SUCURSAL 1','HERRAMIENTA','3','BLACK AND DECKER');
Insert into SYSTEM.PRODUCTO (ID,NOMBRE,DESCRIPCION,PRECIO,CANTIDAD_STOCK,ESTADO,SUCURSAL,CATEGORIA,U_MEDIDA,PROVEEDOR) values ('003','METRO','MEDIDAS','3,75','25','1','SUCURSAL 2','HERRAMIENTA','3','BLACK AND DECKER');
Insert into SYSTEM.PRODUCTO (ID,NOMBRE,DESCRIPCION,PRECIO,CANTIDAD_STOCK,ESTADO,SUCURSAL,CATEGORIA,U_MEDIDA,PROVEEDOR) values ('004','MARTILLO','PARA GOLPEAR ALGÚN OBJETO','12,34','5','1','MATRIZ','HERRAMIENTA','3','BLACK AND DECKER');
Insert into SYSTEM.PRODUCTO (ID,NOMBRE,DESCRIPCION,PRECIO,CANTIDAD_STOCK,ESTADO,SUCURSAL,CATEGORIA,U_MEDIDA,PROVEEDOR) values ('005','JUEGO DE PINZAS','DIVERSAS FUNCIONES','25,45','2','1','MATRIZ','Herramienta','2','ECUAIMCO');
Insert into SYSTEM.PRODUCTO (ID,NOMBRE,DESCRIPCION,PRECIO,CANTIDAD_STOCK,ESTADO,SUCURSAL,CATEGORIA,U_MEDIDA,PROVEEDOR) values ('006
','DESARMADORES','APRETAR Y AFLOJAR TORNILLOS','10','3','1','SUCURSAL 1','HERRAMIENTA','3','BLACK AND DECKER');
Insert into SYSTEM.PRODUCTO (ID,NOMBRE,DESCRIPCION,PRECIO,CANTIDAD_STOCK,ESTADO,SUCURSAL,CATEGORIA,U_MEDIDA,PROVEEDOR) values ('007
','CUTTER','PERMITE CORTAR PAPEL, CARTÓN','25,3','15','1','MATRIZ','HERRAMIENTA','3','BLACK AND DECKER');
Insert into SYSTEM.PRODUCTO (ID,NOMBRE,DESCRIPCION,PRECIO,CANTIDAD_STOCK,ESTADO,SUCURSAL,CATEGORIA,U_MEDIDA,PROVEEDOR) values ('008','LLAVE INGLESA','QUITAR Y PONER TORNILLOS','15','7','1','SUCURSAL 2','Herramienta','1','FERREPAT');
Insert into SYSTEM.PRODUCTO (ID,NOMBRE,DESCRIPCION,PRECIO,CANTIDAD_STOCK,ESTADO,SUCURSAL,CATEGORIA,U_MEDIDA,PROVEEDOR) values ('009','LLAVES COMBINADAS','APRETAR O AFLEJAR TUERCAS','7','20','1','SUCURSAL 2','Herramienta','1','IMPORTRONIC');
Insert into SYSTEM.PRODUCTO (ID,NOMBRE,DESCRIPCION,PRECIO,CANTIDAD_STOCK,ESTADO,SUCURSAL,CATEGORIA,U_MEDIDA,PROVEEDOR) values ('010','CINTA DE AISLAR','RESISTENTE A ALTAS TEMPERATURAS','3,4','17','1','MATRIZ','Herramienta','1','ECUAIMCO');
Insert into SYSTEM.PRODUCTO (ID,NOMBRE,DESCRIPCION,PRECIO,CANTIDAD_STOCK,ESTADO,SUCURSAL,CATEGORIA,U_MEDIDA,PROVEEDOR) values ('011','ESMALTES','ALTA RESISTENCIA','35,74','12','1','SUCURSAL 1','Pinturas','8','FERREPAT');
Insert into SYSTEM.PRODUCTO (ID,NOMBRE,DESCRIPCION,PRECIO,CANTIDAD_STOCK,ESTADO,SUCURSAL,CATEGORIA,U_MEDIDA,PROVEEDOR) values ('012','PINTURAS PLÁSTICAS','BUENA CALIDAD','32,4','15','1','SUCURSAL 1','Pinturas','8','FERREPAT');
Insert into SYSTEM.PRODUCTO (ID,NOMBRE,DESCRIPCION,PRECIO,CANTIDAD_STOCK,ESTADO,SUCURSAL,CATEGORIA,U_MEDIDA,PROVEEDOR) values ('013','DISOLVENTES','AL INSTANTE','18,25','15','1','SUCURSAL 2','Pinturas','7','FERREPAT');
Insert into SYSTEM.PRODUCTO (ID,NOMBRE,DESCRIPCION,PRECIO,CANTIDAD_STOCK,ESTADO,SUCURSAL,CATEGORIA,U_MEDIDA,PROVEEDOR) values ('014','FOCOS LED','DE VARIOS COLORES','1,5','43','1','SUCURSAL 2','Electrico','1','BLACK AND DECKER');
Insert into SYSTEM.PRODUCTO (ID,NOMBRE,DESCRIPCION,PRECIO,CANTIDAD_STOCK,ESTADO,SUCURSAL,CATEGORIA,U_MEDIDA,PROVEEDOR) values ('015','LINTERNAS','FUNCIONAN A PILA','6,8','8','1','SUCURSAL 2','Electrico','1','IMPORTRONIC');
Insert into SYSTEM.PRODUCTO (ID,NOMBRE,DESCRIPCION,PRECIO,CANTIDAD_STOCK,ESTADO,SUCURSAL,CATEGORIA,U_MEDIDA,PROVEEDOR) values ('016','SEÑALIZACIÓN ILUMINADA','DE VARIOS TAMAÑOS','27,47','8','1','SUCURSAL 1','Electrico','1','IMPORTRONIC');
Insert into SYSTEM.PRODUCTO (ID,NOMBRE,DESCRIPCION,PRECIO,CANTIDAD_STOCK,ESTADO,SUCURSAL,CATEGORIA,U_MEDIDA,PROVEEDOR) values ('017','REVESTIMIENTOS','ANTIRRADIACIONES','38','17','1','MATRIZ','Pinturas','6','PINTURAS MONTÓ');
Insert into SYSTEM.PRODUCTO (ID,NOMBRE,DESCRIPCION,PRECIO,CANTIDAD_STOCK,ESTADO,SUCURSAL,CATEGORIA,U_MEDIDA,PROVEEDOR) values ('018','AMORTIGUADORES','DE PULSACIONES','24','4','1','MATRIZ','Herramienta','1','IMPORTRONIC');
Insert into SYSTEM.PRODUCTO (ID,NOMBRE,DESCRIPCION,PRECIO,CANTIDAD_STOCK,ESTADO,SUCURSAL,CATEGORIA,U_MEDIDA,PROVEEDOR) values ('019
','TENAZAS','LLAVE KNIPEX','16,45','9','1','SUCURSAL 1','Herramienta','1','IMPORTRONIC');
Insert into SYSTEM.PRODUCTO (ID,NOMBRE,DESCRIPCION,PRECIO,CANTIDAD_STOCK,ESTADO,SUCURSAL,CATEGORIA,U_MEDIDA,PROVEEDOR) values ('020','PEGAMENTOS','DURADERO','7,65','14','1','MATRIZ','Herramienta','1','ECUAIMCO');
Insert into SYSTEM.PRODUCTO (ID,NOMBRE,DESCRIPCION,PRECIO,CANTIDAD_STOCK,ESTADO,SUCURSAL,CATEGORIA,U_MEDIDA,PROVEEDOR) values ('021','PIGMENTOS','REFLECTANTES','27,65','35','1','MATRIZ','Pinturas','7','PINTURAS MONTÓ');
Insert into SYSTEM.PRODUCTO (ID,NOMBRE,DESCRIPCION,PRECIO,CANTIDAD_STOCK,ESTADO,SUCURSAL,CATEGORIA,U_MEDIDA,PROVEEDOR) values ('022','BROCHAS','PARA ESMALTADOS PROFESIONALES','15,95','17','1','MATRIZ','Pinturas','1','FERREPAT');
Insert into SYSTEM.PRODUCTO (ID,NOMBRE,DESCRIPCION,PRECIO,CANTIDAD_STOCK,ESTADO,SUCURSAL,CATEGORIA,U_MEDIDA,PROVEEDOR) values ('023','LIJADOR ','PARA MADERA','10,15','8','1','MATRIZ','Herramienta','1','IMPORTRONIC');
Insert into SYSTEM.PRODUCTO (ID,NOMBRE,DESCRIPCION,PRECIO,CANTIDAD_STOCK,ESTADO,SUCURSAL,CATEGORIA,U_MEDIDA,PROVEEDOR) values ('024','LLAVES','DE MONTAJE','12,5','59','1','SUCURSAL 2','Herramienta','3','FERREPAT');
Insert into SYSTEM.PRODUCTO (ID,NOMBRE,DESCRIPCION,PRECIO,CANTIDAD_STOCK,ESTADO,SUCURSAL,CATEGORIA,U_MEDIDA,PROVEEDOR) values ('025','TUBERIAS DE ALUMINIO ','KIT DE ACCESORIOS ','15,8','17','1','SUCURSAL 1','Herramienta','2','FERREPAT');
Insert into SYSTEM.PRODUCTO (ID,NOMBRE,DESCRIPCION,PRECIO,CANTIDAD_STOCK,ESTADO,SUCURSAL,CATEGORIA,U_MEDIDA,PROVEEDOR) values ('026','ESCALERAS DE ALUMINIO','MULTIUSOS','45,65','15','1','SUCURSAL 1','Herramienta','1','ECUAIMCO');
Insert into SYSTEM.PRODUCTO (ID,NOMBRE,DESCRIPCION,PRECIO,CANTIDAD_STOCK,ESTADO,SUCURSAL,CATEGORIA,U_MEDIDA,PROVEEDOR) values ('27','Alicates','Alicates con sistema anticaída Knipex','2,8','53','1','MATRIZ','Herramienta','1','FERREPAT');
Insert into SYSTEM.PRODUCTO (ID,NOMBRE,DESCRIPCION,PRECIO,CANTIDAD_STOCK,ESTADO,SUCURSAL,CATEGORIA,U_MEDIDA,PROVEEDOR) values ('028','DADO PARA REMOVER MEDIDOR DE ACEITE','DADO','1,5','13','1','MATRIZ','Herramienta','1','ECUAIMCO');
Insert into SYSTEM.PRODUCTO (ID,NOMBRE,DESCRIPCION,PRECIO,CANTIDAD_STOCK,ESTADO,SUCURSAL,CATEGORIA,U_MEDIDA,PROVEEDOR) values ('029','DADO PARA SENSOR DE OXIGENO','DADO PARA PXIGENO','5,5','13','1','MATRIZ','Herramienta','1','ECUAIMCO');
Insert into SYSTEM.PRODUCTO (ID,NOMBRE,DESCRIPCION,PRECIO,CANTIDAD_STOCK,ESTADO,SUCURSAL,CATEGORIA,U_MEDIDA,PROVEEDOR) values ('030','DADOS CON PUNTA 1/2"','DADOS','1,3','72','1','MATRIZ','Herramienta','1','FERREPAT');
Insert into SYSTEM.PRODUCTO (ID,NOMBRE,DESCRIPCION,PRECIO,CANTIDAD_STOCK,ESTADO,SUCURSAL,CATEGORIA,U_MEDIDA,PROVEEDOR) values ('031','lLLAVE DE TUBO','FORJADA DE ACERO','8,2','14','1','MATRIZ','General','1','FERREPAT');
Insert into SYSTEM.PRODUCTO (ID,NOMBRE,DESCRIPCION,PRECIO,CANTIDAD_STOCK,ESTADO,SUCURSAL,CATEGORIA,U_MEDIDA,PROVEEDOR) values ('032','LLAVE FRANCESA','FORJADA DE ACERO CARBONADO','2,1','19','1','MATRIZ','Herramienta','1','FERREPAT');
Insert into SYSTEM.PRODUCTO (ID,NOMBRE,DESCRIPCION,PRECIO,CANTIDAD_STOCK,ESTADO,SUCURSAL,CATEGORIA,U_MEDIDA,PROVEEDOR) values ('033','DESTORNILLADORES PHILIPS','PUNTAMAGNETICA','5,2','13','1','MATRIZ','Electrico','2','ECUAIMCO');
Insert into SYSTEM.PRODUCTO (ID,NOMBRE,DESCRIPCION,PRECIO,CANTIDAD_STOCK,ESTADO,SUCURSAL,CATEGORIA,U_MEDIDA,PROVEEDOR) values ('034','NIVEL DE ALUMINIO','BURBUJAS DE  GRANVISIBILIDAD','10,5','5','1','MATRIZ','Herramienta','1','ECUAIMCO');
Insert into SYSTEM.PRODUCTO (ID,NOMBRE,DESCRIPCION,PRECIO,CANTIDAD_STOCK,ESTADO,SUCURSAL,CATEGORIA,U_MEDIDA,PROVEEDOR) values ('035','ESPATULA','MANGO DE MADERA','4,2','12','1','MATRIZ','Ceramica','1','BLACK AND DECKER');
Insert into SYSTEM.PRODUCTO (ID,NOMBRE,DESCRIPCION,PRECIO,CANTIDAD_STOCK,ESTADO,SUCURSAL,CATEGORIA,U_MEDIDA,PROVEEDOR) values ('036','ARCO PARA SIERRA','PARA SEGUETA DE 12"305MM','8,1','18','1','MATRIZ','Herramienta','1','BLACK AND DECKER');
Insert into SYSTEM.PRODUCTO (ID,NOMBRE,DESCRIPCION,PRECIO,CANTIDAD_STOCK,ESTADO,SUCURSAL,CATEGORIA,U_MEDIDA,PROVEEDOR) values ('037','DISCO DIAMANTADO SEGMENTADO','PARA CONCRETO YESO, LALDRILLO','10,8','15','1','SUCURSAL 1','Herramienta','1','BLACK AND DECKER');
Insert into SYSTEM.PRODUCTO (ID,NOMBRE,DESCRIPCION,PRECIO,CANTIDAD_STOCK,ESTADO,SUCURSAL,CATEGORIA,U_MEDIDA,PROVEEDOR) values ('038',' MULTIMETRO ANALOGO','PROTEGIDO CON FUSIBLE','20,5','10','1','SUCURSAL 1','Electrico','2','BLACK AND DECKER');
Insert into SYSTEM.PRODUCTO (ID,NOMBRE,DESCRIPCION,PRECIO,CANTIDAD_STOCK,ESTADO,SUCURSAL,CATEGORIA,U_MEDIDA,PROVEEDOR) values ('040','MULTIMETRO DIGITAL','PATALLA LCD','25,8','7','1','SUCURSAL 1','Electrico','2','ECUAIMCO');
Insert into SYSTEM.PRODUCTO (ID,NOMBRE,DESCRIPCION,PRECIO,CANTIDAD_STOCK,ESTADO,SUCURSAL,CATEGORIA,U_MEDIDA,PROVEEDOR) values ('039','GRAPAS DE ACERO','AISLADAS CON PLASTICO','28,2','10','1','SUCURSAL 1','Herramienta','3','ECUAIMCO');
Insert into SYSTEM.PRODUCTO (ID,NOMBRE,DESCRIPCION,PRECIO,CANTIDAD_STOCK,ESTADO,SUCURSAL,CATEGORIA,U_MEDIDA,PROVEEDOR) values ('041','CORTATUBOS','PARA TUBOS','20','22','1','SUCURSAL 1','Herramienta','1',null);
Insert into SYSTEM.PRODUCTO (ID,NOMBRE,DESCRIPCION,PRECIO,CANTIDAD_STOCK,ESTADO,SUCURSAL,CATEGORIA,U_MEDIDA,PROVEEDOR) values ('042','CORTAVIDRIOS','6 RUEDAS CORTANTES','14,5','5','1','SUCURSAL 1','Herramienta','1',null);
Insert into SYSTEM.PRODUCTO (ID,NOMBRE,DESCRIPCION,PRECIO,CANTIDAD_STOCK,ESTADO,SUCURSAL,CATEGORIA,U_MEDIDA,PROVEEDOR) values ('043','CORTAVIDRIOS','CON PUNTA DIAMANTE','12','8','1','SUCURSAL 2','Herramienta','1',null);
Insert into SYSTEM.PRODUCTO (ID,NOMBRE,DESCRIPCION,PRECIO,CANTIDAD_STOCK,ESTADO,SUCURSAL,CATEGORIA,U_MEDIDA,PROVEEDOR) values ('044','CORTAPERNOS','ROTO DIAMOND','15,2','12','1','SUCURSAL 2','Electrico','1',null);
Insert into SYSTEM.PRODUCTO (ID,NOMBRE,DESCRIPCION,PRECIO,CANTIDAD_STOCK,ESTADO,SUCURSAL,CATEGORIA,U_MEDIDA,PROVEEDOR) values ('045','CEPILLO DE MANO CON ALAMBRE','ALAMBRE DE ACERO','6,1','11','1','SUCURSAL 2','Herramienta','1',null);
Insert into SYSTEM.PRODUCTO (ID,NOMBRE,DESCRIPCION,PRECIO,CANTIDAD_STOCK,ESTADO,SUCURSAL,CATEGORIA,U_MEDIDA,PROVEEDOR) values ('046','COMBO CON MANGO','MANGO DE MADERA','10,2','6','1','SUCURSAL 2','Herramienta','1',null);
Insert into SYSTEM.PRODUCTO (ID,NOMBRE,DESCRIPCION,PRECIO,CANTIDAD_STOCK,ESTADO,SUCURSAL,CATEGORIA,U_MEDIDA,PROVEEDOR) values ('047','PISTOLA PARA TUBO DE SILICON','PARA TRABAJOS DE SELLADO','8,89','10','1','SUCURSAL 2','Herramienta','1',null);
Insert into SYSTEM.PRODUCTO (ID,NOMBRE,DESCRIPCION,PRECIO,CANTIDAD_STOCK,ESTADO,SUCURSAL,CATEGORIA,U_MEDIDA,PROVEEDOR) values ('048',' REMACHADORA MANUAL','TIPO ACORDEÓN PROFESIONAL','15,8','20','1','MATRIZ','Electrico','1',null);
Insert into SYSTEM.PRODUCTO (ID,NOMBRE,DESCRIPCION,PRECIO,CANTIDAD_STOCK,ESTADO,SUCURSAL,CATEGORIA,U_MEDIDA,PROVEEDOR) values ('049','REMACHADORA MANUAL','TIPO PLAYO','10,9','7','1','MATRIZ','Herramienta','1',null);
Insert into SYSTEM.PRODUCTO (ID,NOMBRE,DESCRIPCION,PRECIO,CANTIDAD_STOCK,ESTADO,SUCURSAL,CATEGORIA,U_MEDIDA,PROVEEDOR) values ('050','ESMERILADORA ANGULAR','CARCASA DE ENGRANES PEQUEÑA Y GIRABLE','50,4','9','1','MATRIZ','Herramienta','2',null);
REM INSERTING into SYSTEM.CLIENTE
SET DEFINE OFF;
Insert into SYSTEM.CLIENTE (IDENTIFICACION,NOMBRES,APELLIDOS,TELEFONO,DIRECCION,CORREO,CIUDAD,ESTADO) values ('078345782','Clara Olivia ','Martinez Díaz','0954672345','Av. 25 Junio y Santa Rosa','olivia@gmail.com','MACHALA','1');
Insert into SYSTEM.CLIENTE (IDENTIFICACION,NOMBRES,APELLIDOS,TELEFONO,DIRECCION,CORREO,CIUDAD,ESTADO) values ('0705478234','Santiago Andres ','Arevalo Correa','0986345764','Boyacá y Palmeras','santi@gmail.com','MACHALA','1');
Insert into SYSTEM.CLIENTE (IDENTIFICACION,NOMBRES,APELLIDOS,TELEFONO,DIRECCION,CORREO,CIUDAD,ESTADO) values ('0705314532','Haydee Esperanza','Torres Martinez','0995678345','Av. las Américas ','hmartinez@gmail.com','PASAJE','1');
Insert into SYSTEM.CLIENTE (IDENTIFICACION,NOMBRES,APELLIDOS,TELEFONO,DIRECCION,CORREO,CIUDAD,ESTADO) values ('0757276952','Daniel Carlos','Betancourth Bejarano','0957317563','Av. Madero Vargas','danielbeta@gmail.com','HUAQUILLAS','1');
Insert into SYSTEM.CLIENTE (IDENTIFICACION,NOMBRES,APELLIDOS,TELEFONO,DIRECCION,CORREO,CIUDAD,ESTADO) values ('0703456782','Alejandro Andres','Orellana Carrión','0964689675','Santa Rosa y Vela','alejoca@gmail.com','PASAJE','1');
Insert into SYSTEM.CLIENTE (IDENTIFICACION,NOMBRES,APELLIDOS,TELEFONO,DIRECCION,CORREO,CIUDAD,ESTADO) values ('0789587563','Jorge Luis','Sanchez Cisneros','0978453672','Ciudad Celeste','jorgecis@hotmail.com','HUAQUILLAS','1');
Insert into SYSTEM.CLIENTE (IDENTIFICACION,NOMBRES,APELLIDOS,TELEFONO,DIRECCION,CORREO,CIUDAD,ESTADO) values ('0789367854','Laura Valeria','Mejía Velez','0956734975','Ciudad Verde','lauvelez@gmail.com','MACHALA','1');
Insert into SYSTEM.CLIENTE (IDENTIFICACION,NOMBRES,APELLIDOS,TELEFONO,DIRECCION,CORREO,CIUDAD,ESTADO) values ('0705634872','Maria Carmen','Kalle Hernandez','096745372','Unioro','mariah@gmail.com','MACHALA','1');
Insert into SYSTEM.CLIENTE (IDENTIFICACION,NOMBRES,APELLIDOS,TELEFONO,DIRECCION,CORREO,CIUDAD,ESTADO) values ('0705467482','Stefano Andres','Correa Wind','0967423864','Ciudadela la Primavera','stefano@gmail.com','PASAJE','1');
Insert into SYSTEM.CLIENTE (IDENTIFICACION,NOMBRES,APELLIDOS,TELEFONO,DIRECCION,CORREO,CIUDAD,ESTADO) values ('0795423742','Dina Brenda','Paladines Palacios','096523476','Sucre y Junin','dinapl@hotmail.com','HUAQUILLAS','1');
Insert into SYSTEM.CLIENTE (IDENTIFICACION,NOMBRES,APELLIDOS,TELEFONO,DIRECCION,CORREO,CIUDAD,ESTADO) values ('0707812538','Karla Estefania ',' Calle Díaz','09967583942','Av. 10 de de Agosto','karla@gmail.com','Pasaje','1');
Insert into SYSTEM.CLIENTE (IDENTIFICACION,NOMBRES,APELLIDOS,TELEFONO,DIRECCION,CORREO,CIUDAD,ESTADO) values ('0107300618','Diana Rios','Diana Rios','09845215478','Cdla. Los Girasoles','diana@gmail.com','Machala','1');
Insert into SYSTEM.CLIENTE (IDENTIFICACION,NOMBRES,APELLIDOS,TELEFONO,DIRECCION,CORREO,CIUDAD,ESTADO) values ('0150969608','Xavier Araujo','Xavier Araujo','960543348','Sta. Rosa y Pasaje','xavier@gmail.com','Machala','1');
Insert into SYSTEM.CLIENTE (IDENTIFICACION,NOMBRES,APELLIDOS,TELEFONO,DIRECCION,CORREO,CIUDAD,ESTADO) values ('0302371687','Paula Jara','Paula Jara','125489653','AV. 25 de junio y Junin','paula@gmail.com','Pasaje','1');
Insert into SYSTEM.CLIENTE (IDENTIFICACION,NOMBRES,APELLIDOS,TELEFONO,DIRECCION,CORREO,CIUDAD,ESTADO) values ('1106200692','Walter Loja','Walter Loja','0215463258','Junin y Arizaga','walter@gmail.com','Huaquillas','1');
Insert into SYSTEM.CLIENTE (IDENTIFICACION,NOMBRES,APELLIDOS,TELEFONO,DIRECCION,CORREO,CIUDAD,ESTADO) values ('0104428719','Mateo Molina','Mateo Molina','8457896532','Cdla. Las Brisas','mateo@gmail.com','Machala','1');
Insert into SYSTEM.CLIENTE (IDENTIFICACION,NOMBRES,APELLIDOS,TELEFONO,DIRECCION,CORREO,CIUDAD,ESTADO) values ('0107423667','Maria Bravo','Maria Bravo','5478653214','9 de Mayo y Pichincha','maria@gmail.com','Pasaje','1');
Insert into SYSTEM.CLIENTE (IDENTIFICACION,NOMBRES,APELLIDOS,TELEFONO,DIRECCION,CORREO,CIUDAD,ESTADO) values ('0957006034','Alberto Galarza','Alberto Galarza','05487565412','Pichincha y Arizaga','alberto@gmail.com','Pasaje','1');
Insert into SYSTEM.CLIENTE (IDENTIFICACION,NOMBRES,APELLIDOS,TELEFONO,DIRECCION,CORREO,CIUDAD,ESTADO) values ('0302475645','Carlos Riviera','Carlos Riviera','3698547861','Manuel Estomba y buevavista','carlos@gmail.com','Pasaje','1');
Insert into SYSTEM.CLIENTE (IDENTIFICACION,NOMBRES,APELLIDOS,TELEFONO,DIRECCION,CORREO,CIUDAD,ESTADO) values ('0706108818','Gina Sanchez','Gina Sanchez','8473647586','Buenavista y 25 de Junio','gina@gmail.com','Huaquillas','1');
Insert into SYSTEM.CLIENTE (IDENTIFICACION,NOMBRES,APELLIDOS,TELEFONO,DIRECCION,CORREO,CIUDAD,ESTADO) values ('1400944342','Alex Gonzalez','Alex Gonzalez','8475038456','Cdla. La Roldos','alez@gmail.com','Machala','1');
Insert into SYSTEM.CLIENTE (IDENTIFICACION,NOMBRES,APELLIDOS,TELEFONO,DIRECCION,CORREO,CIUDAD,ESTADO) values ('0150099430','Jessica Delec','Jessica Delec','8451285456','cdla. Alcidez Pesantes','jessica@gmail.com','Pasaje','1');
REM INSERTING into SYSTEM.FACTURA
SET DEFINE OFF;
Insert into SYSTEM.FACTURA (ID,CLIENTE,IVA,DESCUENTO,SUBTOTAL,TOTAL,ESTADO,FORMA_DE_PAGO,FECHA,SUCURSAL) values ('1','0705478234','0,88','0','7,35','8,23','1','1',to_date('20/08/19','DD/MM/RR'),'MATRIZ');
Insert into SYSTEM.FACTURA (ID,CLIENTE,IVA,DESCUENTO,SUBTOTAL,TOTAL,ESTADO,FORMA_DE_PAGO,FECHA,SUCURSAL) values ('2','0705314532','2,96','0','24,68','27,64','1','2',to_date('20/08/19','DD/MM/RR'),'MATRIZ');
Insert into SYSTEM.FACTURA (ID,CLIENTE,IVA,DESCUENTO,SUBTOTAL,TOTAL,ESTADO,FORMA_DE_PAGO,FECHA,SUCURSAL) values ('3','0703456782','3,05','0','25,45','28,5','1','1',to_date('20/08/19','DD/MM/RR'),'MATRIZ');
Insert into SYSTEM.FACTURA (ID,CLIENTE,IVA,DESCUENTO,SUBTOTAL,TOTAL,ESTADO,FORMA_DE_PAGO,FECHA,SUCURSAL) values ('4','0705634872','6,07','0','50,6','56,67','1','2',to_date('20/08/19','DD/MM/RR'),'MATRIZ');
Insert into SYSTEM.FACTURA (ID,CLIENTE,IVA,DESCUENTO,SUBTOTAL,TOTAL,ESTADO,FORMA_DE_PAGO,FECHA,SUCURSAL) values ('5','0705467482','5,23','0','43,59','48,82','1','2',to_date('20/08/19','DD/MM/RR'),'MATRIZ');
Insert into SYSTEM.FACTURA (ID,CLIENTE,IVA,DESCUENTO,SUBTOTAL,TOTAL,ESTADO,FORMA_DE_PAGO,FECHA,SUCURSAL) values ('6','0707812538','0,81','0','6,8','7,61','1','1',to_date('20/08/19','DD/MM/RR'),'MATRIZ');
Insert into SYSTEM.FACTURA (ID,CLIENTE,IVA,DESCUENTO,SUBTOTAL,TOTAL,ESTADO,FORMA_DE_PAGO,FECHA,SUCURSAL) values ('7','078345782','3,82','0','31,9','35,72','1','1',to_date('20/08/19','DD/MM/RR'),'MATRIZ');
Insert into SYSTEM.FACTURA (ID,CLIENTE,IVA,DESCUENTO,SUBTOTAL,TOTAL,ESTADO,FORMA_DE_PAGO,FECHA,SUCURSAL) values ('8','0789587563','4,28','0','35,74','40,02','1','2',to_date('20/08/19','DD/MM/RR'),'SUCURSAL 1');
Insert into SYSTEM.FACTURA (ID,CLIENTE,IVA,DESCUENTO,SUBTOTAL,TOTAL,ESTADO,FORMA_DE_PAGO,FECHA,SUCURSAL) values ('9','0789367854','7,31','0','60,99','68,3','1','2',to_date('20/08/19','DD/MM/RR'),'SUCURSAL 1');
Insert into SYSTEM.FACTURA (ID,CLIENTE,IVA,DESCUENTO,SUBTOTAL,TOTAL,ESTADO,FORMA_DE_PAGO,FECHA,SUCURSAL) values ('10','0757276952','3,79','0','31,6','35,39','1','1',to_date('20/08/19','DD/MM/RR'),'SUCURSAL 1');
Insert into SYSTEM.FACTURA (ID,CLIENTE,IVA,DESCUENTO,SUBTOTAL,TOTAL,ESTADO,FORMA_DE_PAGO,FECHA,SUCURSAL) values ('11','0703456782','1,79','0','15','16,79','1','1',to_date('20/08/19','DD/MM/RR'),'SUCURSAL 2');
Insert into SYSTEM.FACTURA (ID,CLIENTE,IVA,DESCUENTO,SUBTOTAL,TOTAL,ESTADO,FORMA_DE_PAGO,FECHA,SUCURSAL) values ('12','0705634872','4,38','0','36,5','40,88','1','2',to_date('20/08/19','DD/MM/RR'),'SUCURSAL 2');
Insert into SYSTEM.FACTURA (ID,CLIENTE,IVA,DESCUENTO,SUBTOTAL,TOTAL,ESTADO,FORMA_DE_PAGO,FECHA,SUCURSAL) values ('13','0789367854','0,44','0','3,75','4,19','1','1',to_date('20/08/19','DD/MM/RR'),'SUCURSAL 2');
Insert into SYSTEM.FACTURA (ID,CLIENTE,IVA,DESCUENTO,SUBTOTAL,TOTAL,ESTADO,FORMA_DE_PAGO,FECHA,SUCURSAL) values ('14','0757276952','1,63','0','13,6','15,23','1','1',to_date('20/08/19','DD/MM/RR'),'SUCURSAL 2');
Insert into SYSTEM.FACTURA (ID,CLIENTE,IVA,DESCUENTO,SUBTOTAL,TOTAL,ESTADO,FORMA_DE_PAGO,FECHA,SUCURSAL) values ('15','0703456782','2,58','0','21,5','24,08','1','1',to_date('21/08/19','DD/MM/RR'),'MATRIZ');
Insert into SYSTEM.FACTURA (ID,CLIENTE,IVA,DESCUENTO,SUBTOTAL,TOTAL,ESTADO,FORMA_DE_PAGO,FECHA,SUCURSAL) values ('16','0757276952','8,39','0','69,95','78,34','1','1',to_date('21/08/19','DD/MM/RR'),'MATRIZ');
Insert into SYSTEM.FACTURA (ID,CLIENTE,IVA,DESCUENTO,SUBTOTAL,TOTAL,ESTADO,FORMA_DE_PAGO,FECHA,SUCURSAL) values ('17','0150099430','5,21','0','43,48','48,69','1','1',to_date('21/08/19','DD/MM/RR'),'MATRIZ');
Insert into SYSTEM.FACTURA (ID,CLIENTE,IVA,DESCUENTO,SUBTOTAL,TOTAL,ESTADO,FORMA_DE_PAGO,FECHA,SUCURSAL) values ('18','1400944342','2,04','0','17','19,04','1','1',to_date('21/08/19','DD/MM/RR'),'MATRIZ');
Insert into SYSTEM.FACTURA (ID,CLIENTE,IVA,DESCUENTO,SUBTOTAL,TOTAL,ESTADO,FORMA_DE_PAGO,FECHA,SUCURSAL) values ('19','0706108818','39,2','0','326,7','365,9','1','1',to_date('21/08/19','DD/MM/RR'),'MATRIZ');
Insert into SYSTEM.FACTURA (ID,CLIENTE,IVA,DESCUENTO,SUBTOTAL,TOTAL,ESTADO,FORMA_DE_PAGO,FECHA,SUCURSAL) values ('20','0302475645','10,9','0','90,9','101,8','1','1',to_date('21/08/19','DD/MM/RR'),'MATRIZ');
Insert into SYSTEM.FACTURA (ID,CLIENTE,IVA,DESCUENTO,SUBTOTAL,TOTAL,ESTADO,FORMA_DE_PAGO,FECHA,SUCURSAL) values ('21','0957006034','2,47','0','20,6','23,07','1','1',to_date('21/08/19','DD/MM/RR'),'MATRIZ');
Insert into SYSTEM.FACTURA (ID,CLIENTE,IVA,DESCUENTO,SUBTOTAL,TOTAL,ESTADO,FORMA_DE_PAGO,FECHA,SUCURSAL) values ('22','0107423667','4,67','0','38,94','43,61','1','1',to_date('21/08/19','DD/MM/RR'),'MATRIZ');
Insert into SYSTEM.FACTURA (ID,CLIENTE,IVA,DESCUENTO,SUBTOTAL,TOTAL,ESTADO,FORMA_DE_PAGO,FECHA,SUCURSAL) values ('23','0104428719','1,98','0','16,5','18,48','1','1',to_date('21/08/19','DD/MM/RR'),'MATRIZ');
Insert into SYSTEM.FACTURA (ID,CLIENTE,IVA,DESCUENTO,SUBTOTAL,TOTAL,ESTADO,FORMA_DE_PAGO,FECHA,SUCURSAL) values ('24','1106200692','3,05','0','25,45','28,5','1','2',to_date('21/08/19','DD/MM/RR'),'MATRIZ');
Insert into SYSTEM.FACTURA (ID,CLIENTE,IVA,DESCUENTO,SUBTOTAL,TOTAL,ESTADO,FORMA_DE_PAGO,FECHA,SUCURSAL) values ('25','0302371687','2,05','0','17,1','19,15','1','1',to_date('21/08/19','DD/MM/RR'),'MATRIZ');
Insert into SYSTEM.FACTURA (ID,CLIENTE,IVA,DESCUENTO,SUBTOTAL,TOTAL,ESTADO,FORMA_DE_PAGO,FECHA,SUCURSAL) values ('26','0150969608','3,05','0','25,45','28,5','1','2',to_date('21/08/19','DD/MM/RR'),'MATRIZ');
Insert into SYSTEM.FACTURA (ID,CLIENTE,IVA,DESCUENTO,SUBTOTAL,TOTAL,ESTADO,FORMA_DE_PAGO,FECHA,SUCURSAL) values ('27','0107300618','6,55','0','54,6','61,15','1','2',to_date('21/08/19','DD/MM/RR'),'SUCURSAL 1');
Insert into SYSTEM.FACTURA (ID,CLIENTE,IVA,DESCUENTO,SUBTOTAL,TOTAL,ESTADO,FORMA_DE_PAGO,FECHA,SUCURSAL) values ('28','0707812538','4','0','33,4','37,4','1','1',to_date('21/08/19','DD/MM/RR'),'SUCURSAL 1');
Insert into SYSTEM.FACTURA (ID,CLIENTE,IVA,DESCUENTO,SUBTOTAL,TOTAL,ESTADO,FORMA_DE_PAGO,FECHA,SUCURSAL) values ('29','0795423742','3,69','0','30,8','34,49','1','2',to_date('21/08/19','DD/MM/RR'),'SUCURSAL 1');
Insert into SYSTEM.FACTURA (ID,CLIENTE,IVA,DESCUENTO,SUBTOTAL,TOTAL,ESTADO,FORMA_DE_PAGO,FECHA,SUCURSAL) values ('30','0705467482','0,15','0','1,3','1,45','1','1',to_date('21/08/19','DD/MM/RR'),'SUCURSAL 1');
Insert into SYSTEM.FACTURA (ID,CLIENTE,IVA,DESCUENTO,SUBTOTAL,TOTAL,ESTADO,FORMA_DE_PAGO,FECHA,SUCURSAL) values ('31','0705634872','0,68','0','5,7','6,38','1','2',to_date('21/08/19','DD/MM/RR'),'SUCURSAL 1');
Insert into SYSTEM.FACTURA (ID,CLIENTE,IVA,DESCUENTO,SUBTOTAL,TOTAL,ESTADO,FORMA_DE_PAGO,FECHA,SUCURSAL) values ('32','0789367854','3,21','0','26,75','29,96','1','2',to_date('21/08/19','DD/MM/RR'),'SUCURSAL 1');
Insert into SYSTEM.FACTURA (ID,CLIENTE,IVA,DESCUENTO,SUBTOTAL,TOTAL,ESTADO,FORMA_DE_PAGO,FECHA,SUCURSAL) values ('33','0789587563','0,84','0','7','7,84','1','2',to_date('21/08/19','DD/MM/RR'),'SUCURSAL 1');
Insert into SYSTEM.FACTURA (ID,CLIENTE,IVA,DESCUENTO,SUBTOTAL,TOTAL,ESTADO,FORMA_DE_PAGO,FECHA,SUCURSAL) values ('34','0703456782','2,86','0','23,9','26,76','1','1',to_date('21/08/19','DD/MM/RR'),'SUCURSAL 1');
Insert into SYSTEM.FACTURA (ID,CLIENTE,IVA,DESCUENTO,SUBTOTAL,TOTAL,ESTADO,FORMA_DE_PAGO,FECHA,SUCURSAL) values ('35','0757276952','10,6','0','88,4','99','1','2',to_date('21/08/19','DD/MM/RR'),'SUCURSAL 1');
Insert into SYSTEM.FACTURA (ID,CLIENTE,IVA,DESCUENTO,SUBTOTAL,TOTAL,ESTADO,FORMA_DE_PAGO,FECHA,SUCURSAL) values ('36','0705314532','4,36','0','36,34','40,7','1','2',to_date('21/08/19','DD/MM/RR'),'SUCURSAL 1');
Insert into SYSTEM.FACTURA (ID,CLIENTE,IVA,DESCUENTO,SUBTOTAL,TOTAL,ESTADO,FORMA_DE_PAGO,FECHA,SUCURSAL) values ('37','0705478234','0,97','0','8,1','9,07','1','1',to_date('21/08/19','DD/MM/RR'),'MATRIZ');
Insert into SYSTEM.FACTURA (ID,CLIENTE,IVA,DESCUENTO,SUBTOTAL,TOTAL,ESTADO,FORMA_DE_PAGO,FECHA,SUCURSAL) values ('38','078345782','3,87','0','32,29','36,16','1','2',to_date('21/08/19','DD/MM/RR'),'MATRIZ');
Insert into SYSTEM.FACTURA (ID,CLIENTE,IVA,DESCUENTO,SUBTOTAL,TOTAL,ESTADO,FORMA_DE_PAGO,FECHA,SUCURSAL) values ('39','078345782','1,26','0','10,5','11,76','1','1',to_date('21/08/19','DD/MM/RR'),'MATRIZ');
Insert into SYSTEM.FACTURA (ID,CLIENTE,IVA,DESCUENTO,SUBTOTAL,TOTAL,ESTADO,FORMA_DE_PAGO,FECHA,SUCURSAL) values ('40','0703456782','1,21','0','10,15','11,36','1','1',to_date('21/08/19','DD/MM/RR'),'MATRIZ');
Insert into SYSTEM.FACTURA (ID,CLIENTE,IVA,DESCUENTO,SUBTOTAL,TOTAL,ESTADO,FORMA_DE_PAGO,FECHA,SUCURSAL) values ('41','0789587563','8,53','0','71,09','79,62','1','1',to_date('21/08/19','DD/MM/RR'),'MATRIZ');
Insert into SYSTEM.FACTURA (ID,CLIENTE,IVA,DESCUENTO,SUBTOTAL,TOTAL,ESTADO,FORMA_DE_PAGO,FECHA,SUCURSAL) values ('42','0705634872','0,91','0','7,65','8,56','1','1',to_date('21/08/19','DD/MM/RR'),'SUCURSAL 2');
Insert into SYSTEM.FACTURA (ID,CLIENTE,IVA,DESCUENTO,SUBTOTAL,TOTAL,ESTADO,FORMA_DE_PAGO,FECHA,SUCURSAL) values ('43','1400944342','0,62','0','5,2','5,82','1','1',to_date('21/08/19','DD/MM/RR'),'SUCURSAL 2');
Insert into SYSTEM.FACTURA (ID,CLIENTE,IVA,DESCUENTO,SUBTOTAL,TOTAL,ESTADO,FORMA_DE_PAGO,FECHA,SUCURSAL) values ('44','0302475645','0,15','0','1,3','1,45','1','1',to_date('21/08/19','DD/MM/RR'),'SUCURSAL 2');
Insert into SYSTEM.FACTURA (ID,CLIENTE,IVA,DESCUENTO,SUBTOTAL,TOTAL,ESTADO,FORMA_DE_PAGO,FECHA,SUCURSAL) values ('45','0104428719','6,79','0','56,59','63,38','1','1',to_date('21/08/19','DD/MM/RR'),'SUCURSAL 2');
Insert into SYSTEM.FACTURA (ID,CLIENTE,IVA,DESCUENTO,SUBTOTAL,TOTAL,ESTADO,FORMA_DE_PAGO,FECHA,SUCURSAL) values ('46','0107300618','0,56','0','4,7','5,26','1','1',to_date('21/08/19','DD/MM/RR'),'SUCURSAL 2');
Insert into SYSTEM.FACTURA (ID,CLIENTE,IVA,DESCUENTO,SUBTOTAL,TOTAL,ESTADO,FORMA_DE_PAGO,FECHA,SUCURSAL) values ('47','0795423742','5,26','0','43,85','49,11','1','2',to_date('21/08/19','DD/MM/RR'),'SUCURSAL 2');
Insert into SYSTEM.FACTURA (ID,CLIENTE,IVA,DESCUENTO,SUBTOTAL,TOTAL,ESTADO,FORMA_DE_PAGO,FECHA,SUCURSAL) values ('48','0705634872','1,66','0','13,84','15,5','1','2',to_date('21/08/19','DD/MM/RR'),'SUCURSAL 2');
Insert into SYSTEM.FACTURA (ID,CLIENTE,IVA,DESCUENTO,SUBTOTAL,TOTAL,ESTADO,FORMA_DE_PAGO,FECHA,SUCURSAL) values ('49','0789587563','0,4','0','3,4','3,8','1','2',to_date('21/08/19','DD/MM/RR'),'SUCURSAL 2');
Insert into SYSTEM.FACTURA (ID,CLIENTE,IVA,DESCUENTO,SUBTOTAL,TOTAL,ESTADO,FORMA_DE_PAGO,FECHA,SUCURSAL) values ('50','0757276952','1,95','0','16,29','18,24','1','2',to_date('21/08/19','DD/MM/RR'),'SUCURSAL 2');
Insert into SYSTEM.FACTURA (ID,CLIENTE,IVA,DESCUENTO,SUBTOTAL,TOTAL,ESTADO,FORMA_DE_PAGO,FECHA,SUCURSAL) values ('51','0705478234','3,81','0','31,75','35,56','1','2',to_date('21/08/19','DD/MM/RR'),'SUCURSAL 2');
Insert into SYSTEM.FACTURA (ID,CLIENTE,IVA,DESCUENTO,SUBTOTAL,TOTAL,ESTADO,FORMA_DE_PAGO,FECHA,SUCURSAL) values ('52','0705478234','2,46','0','20,54','23','1','2',to_date('21/08/19','DD/MM/RR'),'SUCURSAL 2');
Insert into SYSTEM.FACTURA (ID,CLIENTE,IVA,DESCUENTO,SUBTOTAL,TOTAL,ESTADO,FORMA_DE_PAGO,FECHA,SUCURSAL) values ('53','1400944342','1,21','0','10,15','11,36','1','1',to_date('21/08/19','DD/MM/RR'),'MATRIZ');
Insert into SYSTEM.FACTURA (ID,CLIENTE,IVA,DESCUENTO,SUBTOTAL,TOTAL,ESTADO,FORMA_DE_PAGO,FECHA,SUCURSAL) values ('54','0302475645','3,05','0','25,45','28,5','1','1',to_date('21/08/19','DD/MM/RR'),'MATRIZ');
Insert into SYSTEM.FACTURA (ID,CLIENTE,IVA,DESCUENTO,SUBTOTAL,TOTAL,ESTADO,FORMA_DE_PAGO,FECHA,SUCURSAL) values ('55','0107423667','1,21','0','10,15','11,36','1','1',to_date('21/08/19','DD/MM/RR'),'MATRIZ');
Insert into SYSTEM.FACTURA (ID,CLIENTE,IVA,DESCUENTO,SUBTOTAL,TOTAL,ESTADO,FORMA_DE_PAGO,FECHA,SUCURSAL) values ('56','1106200692','3,05','0','25,45','28,5','1','1',to_date('21/08/19','DD/MM/RR'),'MATRIZ');
Insert into SYSTEM.FACTURA (ID,CLIENTE,IVA,DESCUENTO,SUBTOTAL,TOTAL,ESTADO,FORMA_DE_PAGO,FECHA,SUCURSAL) values ('57','0150969608','2,14','0','17,9','20,04','1','2',to_date('21/08/19','DD/MM/RR'),'MATRIZ');
Insert into SYSTEM.FACTURA (ID,CLIENTE,IVA,DESCUENTO,SUBTOTAL,TOTAL,ESTADO,FORMA_DE_PAGO,FECHA,SUCURSAL) values ('58','0707812538','3,82','0','31,9','35,72','1','1',to_date('21/08/19','DD/MM/RR'),'MATRIZ');
Insert into SYSTEM.FACTURA (ID,CLIENTE,IVA,DESCUENTO,SUBTOTAL,TOTAL,ESTADO,FORMA_DE_PAGO,FECHA,SUCURSAL) values ('59','0705467482','13,35','0','111,3','124,65','1','2',to_date('21/08/19','DD/MM/RR'),'SUCURSAL 2');
Insert into SYSTEM.FACTURA (ID,CLIENTE,IVA,DESCUENTO,SUBTOTAL,TOTAL,ESTADO,FORMA_DE_PAGO,FECHA,SUCURSAL) values ('60','0789367854','6,52','0','54,35','60,87','1','1',to_date('21/08/19','DD/MM/RR'),'MATRIZ');
Insert into SYSTEM.FACTURA (ID,CLIENTE,IVA,DESCUENTO,SUBTOTAL,TOTAL,ESTADO,FORMA_DE_PAGO,FECHA,SUCURSAL) values ('61','0703456782','1,26','0','10,5','11,76','1','1',to_date('21/08/19','DD/MM/RR'),'MATRIZ');
Insert into SYSTEM.FACTURA (ID,CLIENTE,IVA,DESCUENTO,SUBTOTAL,TOTAL,ESTADO,FORMA_DE_PAGO,FECHA,SUCURSAL) values ('62','0705314532','1,88','0','15,74','17,62','1','1',to_date('21/08/19','DD/MM/RR'),'SUCURSAL 2');
Insert into SYSTEM.FACTURA (ID,CLIENTE,IVA,DESCUENTO,SUBTOTAL,TOTAL,ESTADO,FORMA_DE_PAGO,FECHA,SUCURSAL) values ('63','0707812538','0,97','0','8,1','9,07','1','1',to_date('21/08/19','DD/MM/RR'),'MATRIZ');
Insert into SYSTEM.FACTURA (ID,CLIENTE,IVA,DESCUENTO,SUBTOTAL,TOTAL,ESTADO,FORMA_DE_PAGO,FECHA,SUCURSAL) values ('64','0302475645','1,89','0','15,8','17,69','1','1',to_date('21/08/19','DD/MM/RR'),'MATRIZ');
Insert into SYSTEM.FACTURA (ID,CLIENTE,IVA,DESCUENTO,SUBTOTAL,TOTAL,ESTADO,FORMA_DE_PAGO,FECHA,SUCURSAL) values ('65','1106200692','6,55','0','54,6','61,15','1','2',to_date('21/08/19','DD/MM/RR'),'MATRIZ');
Insert into SYSTEM.FACTURA (ID,CLIENTE,IVA,DESCUENTO,SUBTOTAL,TOTAL,ESTADO,FORMA_DE_PAGO,FECHA,SUCURSAL) values ('66','0795423742','1,89','0','15,75','17,64','1','1',to_date('21/08/19','DD/MM/RR'),'MATRIZ');
Insert into SYSTEM.FACTURA (ID,CLIENTE,IVA,DESCUENTO,SUBTOTAL,TOTAL,ESTADO,FORMA_DE_PAGO,FECHA,SUCURSAL) values ('67','0789367854','0,84','0','7','7,84','1','2',to_date('21/08/19','DD/MM/RR'),'MATRIZ');
Insert into SYSTEM.FACTURA (ID,CLIENTE,IVA,DESCUENTO,SUBTOTAL,TOTAL,ESTADO,FORMA_DE_PAGO,FECHA,SUCURSAL) values ('68','0107423667','6,2','0','51,7','57,9','1','2',to_date('21/08/19','DD/MM/RR'),'MATRIZ');
Insert into SYSTEM.FACTURA (ID,CLIENTE,IVA,DESCUENTO,SUBTOTAL,TOTAL,ESTADO,FORMA_DE_PAGO,FECHA,SUCURSAL) values ('69','0795423742','3,31','0','27,65','30,96','1','2',to_date('21/08/19','DD/MM/RR'),'MATRIZ');
Insert into SYSTEM.FACTURA (ID,CLIENTE,IVA,DESCUENTO,SUBTOTAL,TOTAL,ESTADO,FORMA_DE_PAGO,FECHA,SUCURSAL) values ('70','0705467482','0,91','0','7,65','8,56','1','2',to_date('21/08/19','DD/MM/RR'),'MATRIZ');
Insert into SYSTEM.FACTURA (ID,CLIENTE,IVA,DESCUENTO,SUBTOTAL,TOTAL,ESTADO,FORMA_DE_PAGO,FECHA,SUCURSAL) values ('71','078345782','1,51','0','12,6','14,11','1','2',to_date('21/08/19','DD/MM/RR'),'MATRIZ');
Insert into SYSTEM.FACTURA (ID,CLIENTE,IVA,DESCUENTO,SUBTOTAL,TOTAL,ESTADO,FORMA_DE_PAGO,FECHA,SUCURSAL) values ('72','0150099430','0,15','0','1,3','1,45','1','1',to_date('21/08/19','DD/MM/RR'),'MATRIZ');
Insert into SYSTEM.FACTURA (ID,CLIENTE,IVA,DESCUENTO,SUBTOTAL,TOTAL,ESTADO,FORMA_DE_PAGO,FECHA,SUCURSAL) values ('73','1400944342','0,31','0','2,6','2,91','1','2',to_date('21/08/19','DD/MM/RR'),'MATRIZ');
Insert into SYSTEM.FACTURA (ID,CLIENTE,IVA,DESCUENTO,SUBTOTAL,TOTAL,ESTADO,FORMA_DE_PAGO,FECHA,SUCURSAL) values ('74','0706108818','1,66','0','13,9','15,56','1','1',to_date('21/08/19','DD/MM/RR'),'MATRIZ');
Insert into SYSTEM.FACTURA (ID,CLIENTE,IVA,DESCUENTO,SUBTOTAL,TOTAL,ESTADO,FORMA_DE_PAGO,FECHA,SUCURSAL) values ('75','0302475645','1,63','0','13,64','15,27','1','1',to_date('21/08/19','DD/MM/RR'),'MATRIZ');
Insert into SYSTEM.FACTURA (ID,CLIENTE,IVA,DESCUENTO,SUBTOTAL,TOTAL,ESTADO,FORMA_DE_PAGO,FECHA,SUCURSAL) values ('76','0104428719','2,29','0','19,1','21,39','1','2',to_date('21/08/19','DD/MM/RR'),'SUCURSAL 1');
Insert into SYSTEM.FACTURA (ID,CLIENTE,IVA,DESCUENTO,SUBTOTAL,TOTAL,ESTADO,FORMA_DE_PAGO,FECHA,SUCURSAL) values ('77','0789587563','3,13','0','26,1','29,23','1','2',to_date('21/08/19','DD/MM/RR'),'SUCURSAL 1');
Insert into SYSTEM.FACTURA (ID,CLIENTE,IVA,DESCUENTO,SUBTOTAL,TOTAL,ESTADO,FORMA_DE_PAGO,FECHA,SUCURSAL) values ('78','0705634872','4,36','0','36,35','40,71','1','2',to_date('21/08/19','DD/MM/RR'),'SUCURSAL 1');
Insert into SYSTEM.FACTURA (ID,CLIENTE,IVA,DESCUENTO,SUBTOTAL,TOTAL,ESTADO,FORMA_DE_PAGO,FECHA,SUCURSAL) values ('79','0150969608','0,98','0','8,19','9,17','1','1',to_date('21/08/19','DD/MM/RR'),'SUCURSAL 1');
Insert into SYSTEM.FACTURA (ID,CLIENTE,IVA,DESCUENTO,SUBTOTAL,TOTAL,ESTADO,FORMA_DE_PAGO,FECHA,SUCURSAL) values ('80','0104428719','1,81','0','15,1','16,91','1','1',to_date('21/08/19','DD/MM/RR'),'SUCURSAL 1');
Insert into SYSTEM.FACTURA (ID,CLIENTE,IVA,DESCUENTO,SUBTOTAL,TOTAL,ESTADO,FORMA_DE_PAGO,FECHA,SUCURSAL) values ('81','0707812538','0,33','0','2,8','3,13','1','1',to_date('21/08/19','DD/MM/RR'),'SUCURSAL 1');
Insert into SYSTEM.FACTURA (ID,CLIENTE,IVA,DESCUENTO,SUBTOTAL,TOTAL,ESTADO,FORMA_DE_PAGO,FECHA,SUCURSAL) values ('82','0107300618','1,21','0','10,15','11,36','1','1',to_date('21/08/19','DD/MM/RR'),'SUCURSAL 1');
Insert into SYSTEM.FACTURA (ID,CLIENTE,IVA,DESCUENTO,SUBTOTAL,TOTAL,ESTADO,FORMA_DE_PAGO,FECHA,SUCURSAL) values ('83','1106200692','1,89','0','15,8','17,69','1','2',to_date('21/08/19','DD/MM/RR'),'SUCURSAL 1');
Insert into SYSTEM.FACTURA (ID,CLIENTE,IVA,DESCUENTO,SUBTOTAL,TOTAL,ESTADO,FORMA_DE_PAGO,FECHA,SUCURSAL) values ('84','0107423667','1,48','0','12,39','13,87','1','1',to_date('21/08/19','DD/MM/RR'),'SUCURSAL 1');
Insert into SYSTEM.FACTURA (ID,CLIENTE,IVA,DESCUENTO,SUBTOTAL,TOTAL,ESTADO,FORMA_DE_PAGO,FECHA,SUCURSAL) values ('85','0789587563','6,04','0','50,4','56,44','1','2',to_date('21/08/19','DD/MM/RR'),'SUCURSAL 1');
Insert into SYSTEM.FACTURA (ID,CLIENTE,IVA,DESCUENTO,SUBTOTAL,TOTAL,ESTADO,FORMA_DE_PAGO,FECHA,SUCURSAL) values ('86','0957006034','1,26','0','10,5','11,76','1','1',to_date('21/08/19','DD/MM/RR'),'MATRIZ');
Insert into SYSTEM.FACTURA (ID,CLIENTE,IVA,DESCUENTO,SUBTOTAL,TOTAL,ESTADO,FORMA_DE_PAGO,FECHA,SUCURSAL) values ('87','0150969608','1,21','0','10,15','11,36','1','1',to_date('21/08/19','DD/MM/RR'),'MATRIZ');
Insert into SYSTEM.FACTURA (ID,CLIENTE,IVA,DESCUENTO,SUBTOTAL,TOTAL,ESTADO,FORMA_DE_PAGO,FECHA,SUCURSAL) values ('88','0302371687','7,19','0','60','67,19','1','2',to_date('21/08/19','DD/MM/RR'),'MATRIZ');
Insert into SYSTEM.FACTURA (ID,CLIENTE,IVA,DESCUENTO,SUBTOTAL,TOTAL,ESTADO,FORMA_DE_PAGO,FECHA,SUCURSAL) values ('89','1106200692','0,91','0','7,65','8,56','1','1',to_date('21/08/19','DD/MM/RR'),'MATRIZ');
Insert into SYSTEM.FACTURA (ID,CLIENTE,IVA,DESCUENTO,SUBTOTAL,TOTAL,ESTADO,FORMA_DE_PAGO,FECHA,SUCURSAL) values ('90','1400944342','1,21','0','10,15','11,36','1','1',to_date('21/08/19','DD/MM/RR'),'SUCURSAL 2');
Insert into SYSTEM.FACTURA (ID,CLIENTE,IVA,DESCUENTO,SUBTOTAL,TOTAL,ESTADO,FORMA_DE_PAGO,FECHA,SUCURSAL) values ('91','0705314532','1,41','0','11,8','13,21','1','2',to_date('21/08/19','DD/MM/RR'),'MATRIZ');
Insert into SYSTEM.FACTURA (ID,CLIENTE,IVA,DESCUENTO,SUBTOTAL,TOTAL,ESTADO,FORMA_DE_PAGO,FECHA,SUCURSAL) values ('92','0795423742','0,91','0','7,65','8,56','1','2',to_date('21/08/19','DD/MM/RR'),'MATRIZ');
Insert into SYSTEM.FACTURA (ID,CLIENTE,IVA,DESCUENTO,SUBTOTAL,TOTAL,ESTADO,FORMA_DE_PAGO,FECHA,SUCURSAL) values ('93','0302371687','6,04','0','50,4','56,44','1','2',to_date('21/08/19','DD/MM/RR'),'MATRIZ');
Insert into SYSTEM.FACTURA (ID,CLIENTE,IVA,DESCUENTO,SUBTOTAL,TOTAL,ESTADO,FORMA_DE_PAGO,FECHA,SUCURSAL) values ('94','0107423667','1,71','0','14,3','16,01','1','2',to_date('21/08/19','DD/MM/RR'),'MATRIZ');
Insert into SYSTEM.FACTURA (ID,CLIENTE,IVA,DESCUENTO,SUBTOTAL,TOTAL,ESTADO,FORMA_DE_PAGO,FECHA,SUCURSAL) values ('95','0706108818','0,44','0','3,75','4,19','1','1',to_date('21/08/19','DD/MM/RR'),'SUCURSAL 2');
Insert into SYSTEM.FACTURA (ID,CLIENTE,IVA,DESCUENTO,SUBTOTAL,TOTAL,ESTADO,FORMA_DE_PAGO,FECHA,SUCURSAL) values ('96','0705467482','1,3','0','10,9','12,2','1','1',to_date('21/08/19','DD/MM/RR'),'SUCURSAL 2');
Insert into SYSTEM.FACTURA (ID,CLIENTE,IVA,DESCUENTO,SUBTOTAL,TOTAL,ESTADO,FORMA_DE_PAGO,FECHA,SUCURSAL) values ('97','0107300618','10,38','0','86,5','96,88','1','1',to_date('21/08/19','DD/MM/RR'),'SUCURSAL 2');
Insert into SYSTEM.FACTURA (ID,CLIENTE,IVA,DESCUENTO,SUBTOTAL,TOTAL,ESTADO,FORMA_DE_PAGO,FECHA,SUCURSAL) values ('98','0150969608','1,64','0','13,7','15,34','1','2',to_date('21/08/19','DD/MM/RR'),'SUCURSAL 2');
Insert into SYSTEM.FACTURA (ID,CLIENTE,IVA,DESCUENTO,SUBTOTAL,TOTAL,ESTADO,FORMA_DE_PAGO,FECHA,SUCURSAL) values ('99','0957006034','6,07','0','50,6','56,67','1','1',to_date('21/08/19','DD/MM/RR'),'MATRIZ');
Insert into SYSTEM.FACTURA (ID,CLIENTE,IVA,DESCUENTO,SUBTOTAL,TOTAL,ESTADO,FORMA_DE_PAGO,FECHA,SUCURSAL) values ('100','0706108818','15,88','0','132,35','148,23','1','2',to_date('21/08/19','DD/MM/RR'),'SUCURSAL 2');
Insert into SYSTEM.FACTURA (ID,CLIENTE,IVA,DESCUENTO,SUBTOTAL,TOTAL,ESTADO,FORMA_DE_PAGO,FECHA,SUCURSAL) values ('101','0957006034','2,95','0','24,6','27,55','1','2',to_date('21/08/19','DD/MM/RR'),'MATRIZ');
Insert into SYSTEM.FACTURA (ID,CLIENTE,IVA,DESCUENTO,SUBTOTAL,TOTAL,ESTADO,FORMA_DE_PAGO,FECHA,SUCURSAL) values ('102','0705467482','2,43','0','20,3','22,73','1','1',to_date('21/08/19','DD/MM/RR'),'SUCURSAL 2');
Insert into SYSTEM.FACTURA (ID,CLIENTE,IVA,DESCUENTO,SUBTOTAL,TOTAL,ESTADO,FORMA_DE_PAGO,FECHA,SUCURSAL) values ('103','0104428719','0,15','0','1,3','1,45','1','2',to_date('21/08/19','DD/MM/RR'),'SUCURSAL 2');
Insert into SYSTEM.FACTURA (ID,CLIENTE,IVA,DESCUENTO,SUBTOTAL,TOTAL,ESTADO,FORMA_DE_PAGO,FECHA,SUCURSAL) values ('104','0107300618','3,96','0','33,05','37,01','1','1',to_date('21/08/19','DD/MM/RR'),'MATRIZ');
REM INSERTING into SYSTEM.USUARIO
SET DEFINE OFF;
Insert into SYSTEM.USUARIO (CEDULA,NOMBRE,APELLIDO,DIRECCION,TELEFONO,CORREO,USUARIO,CLAVE,TIPO,SUCURSAL) values ('0702636150','Alexis','Brito','Bolivar y Buenavista','2958478','alexis@gmail.com','abrito','99FB2F48C6AF4761F904FC85F95EB56190E5D40B1F44EC3A9C1FA319','cashier','SUCURSAL 1');
Insert into SYSTEM.USUARIO (CEDULA,NOMBRE,APELLIDO,DIRECCION,TELEFONO,CORREO,USUARIO,CLAVE,TIPO,SUCURSAL) values ('0702514857','julio','der','j','j','j@f.com','admin','58ACB7ACCCCE58FFA8B953B12B5A7702BD42DAE441C1AD85057FA70B','admin','MATRIZ');
Insert into SYSTEM.USUARIO (CEDULA,NOMBRE,APELLIDO,DIRECCION,TELEFONO,CORREO,USUARIO,CLAVE,TIPO,SUCURSAL) values ('64646','5465','4654','64','54','646@54','546454654','58ACB7ACCCCE58FFA8B953B12B5A7702BD42DAE441C1AD85057FA70B','cashier','MATRIZ');
Insert into SYSTEM.USUARIO (CEDULA,NOMBRE,APELLIDO,DIRECCION,TELEFONO,CORREO,USUARIO,CLAVE,TIPO,SUCURSAL) values ('0704655182','Alex','Ramon','Urbanización Santa Inés','2925201','aaramonb_est@utmachala.edu.ec','mandres2015','5CB49536C23062507E6BB6967EBED22615DEC556220FD7A8F5FBC240','admin','SUCURSAL 1');
Insert into SYSTEM.USUARIO (CEDULA,NOMBRE,APELLIDO,DIRECCION,TELEFONO,CORREO,USUARIO,CLAVE,TIPO,SUCURSAL) values ('46464','64','654','654','564','4@45','56','58ACB7ACCCCE58FFA8B953B12B5A7702BD42DAE441C1AD85057FA70B','cashier','MATRIZ');
